{
  "estaciones": [
    {
      "nombre": "f",
      "x": -41.15513486065378,
      "y": -71.44477844238281
    },
    {
      "nombre": "s",
      "x": -41.142725774715096,
      "y": -71.39019012451172
    }
  ],
  "senderos": [
    {
      "inicio": {
        "nombre": "f",
        "x": -41.15513486065378,
        "y": -71.44477844238281
      },
      "fin": {
        "nombre": "s",
        "x": -41.142725774715096,
        "y": -71.39019012451172
      },
      "impacto": 5
    },
    {
      "inicio": {
        "nombre": "s",
        "x": -41.142725774715096,
        "y": -71.39019012451172
      },
      "fin": {
        "nombre": "f",
        "x": -41.15513486065378,
        "y": -71.44477844238281
      },
      "impacto": 5
    }
  ]
}